{"474-1": [[37.477413, 126.985411], [37.47734, 126.985466], [37.477313, 126.98541], [37.477256, 126.985294], [37.477304, 126.985263], [37.477347, 126.985278], [37.477413, 126.985411]], "474-17": [[37.477405, 126.985631], [37.477321, 126.985695], [37.477291, 126.985717], [37.47725, 126.98563], [37.477258, 126.985604], [37.477368, 126.985523], [37.477417, 126.985623], [37.477405, 126.985631]], "474-18": [[37.47734, 126.985466], [37.477368, 126.985523], [37.477258, 126.985604], [37.477202, 126.985483], [37.477313, 126.98541], [37.47734, 126.985466]], "474-19": [[37.477313, 126.98541], [37.477202, 126.985483], [37.477153, 126.985379], [37.477158, 126.985357], [37.477256, 126.985294], [37.477313, 126.98541]], "474-2": [[37.477491, 126.985567], [37.477554, 126.985692], [37.477548, 126.985725], [37.477475, 126.985779], [37.477405, 126.985631], [37.477417, 126.985623], [37.477491, 126.985567]], "474-20": [[37.477103, 126.985392], [37.47712, 126.985399], [37.477174, 126.985513], [37.477068, 126.98558], [37.477064, 126.985571], [37.477013, 126.98545], [37.477103, 126.985392]], "474-21": [[37.477291, 126.985717], [37.477231, 126.985762], [37.477164, 126.985812], [37.477118, 126.985702], [37.477114, 126.985691], [37.477068, 126.98558], [37.477174, 126.985513], [37.477226, 126.985626], [37.47725, 126.98563], [37.477291, 126.985717]], "474-3": [[37.477475, 126.985779], [37.477416, 126.985823], [37.477392, 126.985841], [37.477321, 126.985695], [37.477405, 126.985631], [37.477475, 126.985779]], "474-34": [[37.477417, 126.985623], [37.477368, 126.985523], [37.47734, 126.985466], [37.477413, 126.985411], [37.477491, 126.985567], [37.477417, 126.985623]], "474-4": [[37.477416, 126.985823], [37.477433, 126.985858], [37.47732, 126.985944], [37.477231, 126.985762], [37.477291, 126.985717], [37.477321, 126.985695], [37.477392, 126.985841], [37.477416, 126.985823]], "474-5": [[37.477433, 126.985858], [37.477505, 126.986001], [37.477388, 126.986084], [37.477381, 126.986069], [37.47732, 126.985944], [37.477433, 126.985858]], "474-6": [[37.477537, 126.985978], [37.477597, 126.986099], [37.47745, 126.986209], [37.477388, 126.986084], [37.477505, 126.986001], [37.477537, 126.985978]], "474-7": [[37.477593, 126.985771], [37.477653, 126.985891], [37.477537, 126.985978], [37.477476, 126.985858], [37.477483, 126.985826], [37.477567, 126.985763], [37.477593, 126.985771]], "474-8": [[37.477653, 126.985891], [37.477713, 126.986012], [37.477597, 126.986099], [37.477537, 126.985978], [37.477653, 126.985891]], "474-9": [[37.477713, 126.986012], [37.477818, 126.986222], [37.477808, 126.986278], [37.477574, 126.986463], [37.477516, 126.986344], [37.47745, 126.986209], [37.477597, 126.986099], [37.477713, 126.986012]], "475-1": [[37.477941, 126.986467], [37.477832, 126.986554], [37.477754, 126.986401], [37.477837, 126.986335], [37.477881, 126.986348], [37.477941, 126.986467]], "475-11": [[37.478275, 126.987395], [37.478176, 126.987481], [37.478196, 126.987519], [37.478207, 126.987542], [37.478134, 126.9876], [37.47805, 126.987439], [37.478041, 126.987422], [37.478114, 126.987358], [37.478172, 126.987307], [37.478213, 126.987271], [37.478275, 126.987395]], "475-12": [[37.478294, 126.987433], [37.47835, 126.987552], [37.478254, 126.987635], [37.478207, 126.987542], [37.478196, 126.987519], [37.478294, 126.987433]], "475-13": [[37.478398, 126.987372], [37.478447, 126.987468], [37.47835, 126.987552], [37.478294, 126.987433], [37.478372, 126.987365], [37.478398, 126.987372]], "475-14": [[37.478447, 126.987468], [37.478479, 126.987533], [37.478471, 126.98759], [37.478398, 126.987655], [37.47835, 126.987552], [37.478447, 126.987468]], "475-15": [[37.478398, 126.987655], [37.478306, 126.987738], [37.478254, 126.987635], [37.47835, 126.987552], [37.478398, 126.987655]], "475-16": [[37.478306, 126.987738], [37.478228, 126.987808], [37.478123, 126.987608], [37.478134, 126.9876], [37.478207, 126.987542], [37.478254, 126.987635], [37.478306, 126.987738]], "475-2": [[37.477832, 126.986554], [37.477826, 126.986559], [37.477734, 126.986632], [37.477656, 126.986478], [37.477754, 126.986401], [37.477832, 126.986554]], "475-26": [[37.478251, 126.98708], [37.478306, 126.98719], [37.478213, 126.987271], [37.478172, 126.987307], [37.478117, 126.987202], [37.478251, 126.98708]], "475-27": [[37.478172, 126.987307], [37.478114, 126.987358], [37.478041, 126.987422], [37.477995, 126.987333], [37.477918, 126.987186], [37.477941, 126.987168], [37.478005, 126.987291], [37.478117, 126.987202], [37.478172, 126.987307]], "475-28": [[37.478117, 126.987202], [37.478005, 126.987291], [37.477941, 126.987168], [37.478053, 126.987079], [37.478117, 126.987202]], "475-3": [[37.478001, 126.986585], [37.478029, 126.986642], [37.477913, 126.986734], [37.477969, 126.986848], [37.477879, 126.986919], [37.477773, 126.98671], [37.477865, 126.986637], [37.477885, 126.986677], [37.478001, 126.986585]], "475-4": [[37.477941, 126.986467], [37.478001, 126.986585], [37.477885, 126.986677], [37.477865, 126.986637], [37.477826, 126.986559], [37.477832, 126.986554], [37.477941, 126.986467]], "475-5": [[37.478029, 126.986642], [37.478087, 126.986755], [37.477969, 126.986848], [37.477913, 126.986734], [37.478029, 126.986642]], "475-7": [[37.478089, 126.98676], [37.478164, 126.986908], [37.478158, 126.986941], [37.477967, 126.987094], [37.477907, 126.986976], [37.477879, 126.986919], [37.477969, 126.986848], [37.478089, 126.98676]], "475-8": [[37.478204, 126.986987], [37.478251, 126.98708], [37.478117, 126.987202], [37.478053, 126.987079], [37.478177, 126.986979], [37.478204, 126.986987]], "475-9": [[37.478306, 126.98719], [37.478358, 126.987293], [37.478353, 126.987327], [37.478275, 126.987395], [37.478213, 126.987271], [37.478306, 126.98719]], "527-7": [[37.478503, 126.987759], [37.478476, 126.987786], [37.478465, 126.987828], [37.478421, 126.987884], [37.478361, 126.987765], [37.478457, 126.987688], [37.478466, 126.9877], [37.478483, 126.987727], [37.478503, 126.987759]], "527-8": [[37.478421, 126.987884], [37.478397, 126.987936], [37.478364, 126.987966], [37.478344, 126.987982], [37.478273, 126.987835], [37.478361, 126.987765], [37.478421, 126.987884]], "531-1": [[37.478652, 126.988072], [37.478669, 126.988156], [37.478568, 126.988197], [37.478547, 126.988123], [37.478632, 126.988059], [37.478652, 126.988072]], "531-7": [[37.478674, 126.988154], [37.478697, 126.988279], [37.478602, 126.988316], [37.478568, 126.988197], [37.478669, 126.988156], [37.478674, 126.988154]], "531-8": [[37.478703, 126.988314], [37.478734, 126.988413], [37.478639, 126.988446], [37.478602, 126.988316], [37.478697, 126.988279], [37.478703, 126.988314]], "531-9": [[37.478734, 126.988413], [37.478774, 126.988525], [37.478674, 126.98857], [37.478639, 126.988446], [37.478734, 126.988413]], "980-24": [[37.478793, 126.988516], [37.478829, 126.988615], [37.478792, 126.988658], [37.47875, 126.9887], [37.478753, 126.988706], [37.478717, 126.988721], [37.478677, 126.988581], [37.478674, 126.98857], [37.478774, 126.988525], [37.478793, 126.988516]], "980-25": [[37.47905, 126.989129], [37.478964, 126.989199], [37.478926, 126.98923], [37.478773, 126.988878], [37.47862, 126.988999], [37.478592, 126.988941], [37.478745, 126.98882], [37.478732, 126.988774], [37.478717, 126.988721], [37.478753, 126.988706], [37.47875, 126.9887], [37.478792, 126.988658], [37.478829, 126.988615], [37.478845, 126.988657], [37.478894, 126.988724], [37.478979, 126.988892], [37.47905, 126.989129]], "980-27": [[37.479131, 126.989257], [37.479171, 126.989371], [37.479068, 126.98944], [37.478964, 126.989199], [37.47905, 126.989129], [37.479063, 126.989171], [37.479128, 126.989248], [37.479131, 126.989257]], "528": [[37.478535, 126.987603], [37.478574, 126.987683], [37.478503, 126.987759], [37.478483, 126.987727], [37.478466, 126.9877], [37.478457, 126.987688], [37.478481, 126.987665], [37.478481, 126.987647], [37.478535, 126.987603]],